category,yacht,folder_id,url,accessible,error
Катера,Cobalt Zoom 37ft,1wkI8W2_pJSSr6KRlns1GP8qQ1vQztCFp,https://drive.google.com/drive/folders/1wkI8W2_pJSSr6KRlns1GP8qQ1vQztCFp,yes,
Катера,Corsica 40ft,1kkLgg2AhQRqiwSn6bJUz_Iu3ypa9lMjF,https://drive.google.com/drive/folders/1kkLgg2AhQRqiwSn6bJUz_Iu3ypa9lMjF,no,Cannot retrieve the folder information from the link. You may need to change the
Катера,Gambit,1O2zs_hqp-Ww73ZYKa2UX-G5gZe0OJpaR,https://drive.google.com/drive/folders/1O2zs_hqp-Ww73ZYKa2UX-G5gZe0OJpaR,no,
Катера,King,14k-MDq_H3Yvr3iCMbIqpvjttvtL8lkRT,https://drive.google.com/drive/folders/14k-MDq_H3Yvr3iCMbIqpvjttvtL8lkRT,no,Cannot retrieve the folder information from the link. You may need to change the
Катера,Limpopo,1n9y3e9vEQJaBsPGrxuG5LdBo9i6VLZNh,https://drive.google.com/drive/folders/1n9y3e9vEQJaBsPGrxuG5LdBo9i6VLZNh,yes,
Катера,Lucky Star,1Jf9seEQpkK8SgFweQxCwIx37e163wGkQ,https://drive.google.com/drive/folders/1Jf9seEQpkK8SgFweQxCwIx37e163wGkQ,yes,
Катера,Madam Shadow 34ft,1FMaLvFytStxqpHdYt1U14z0lhDZTvJV9,https://drive.google.com/drive/folders/1FMaLvFytStxqpHdYt1U14z0lhDZTvJV9,yes,
Катера,Na-О 29ft,1-UewpN0vqqW6hKYqse8WG7Ec-kR9z4Bq,https://drive.google.com/drive/folders/1-UewpN0vqqW6hKYqse8WG7Ec-kR9z4Bq,yes,
Катера,Nanea 40ft,1nkzoNY9tmGBnA3srACP2Hl29K2MqfvEA,https://drive.google.com/drive/folders/1nkzoNY9tmGBnA3srACP2Hl29K2MqfvEA,yes,
Катера,Ocean Safari 2,1E0PZuW_kokcWq0DLToc7vbymVXHlpvlo,https://drive.google.com/drive/folders/1E0PZuW_kokcWq0DLToc7vbymVXHlpvlo,yes,
Катера,Ocean Safari 3,12ypir_pEtws5_8wu58Hs0oJq0UBXVOSs,https://drive.google.com/drive/folders/12ypir_pEtws5_8wu58Hs0oJq0UBXVOSs,yes,
Катера,Sabi 375,15kSQ5XzMxOflHFtbGmAnYRbXtgkws4gX,https://drive.google.com/drive/folders/15kSQ5XzMxOflHFtbGmAnYRbXtgkws4gX,yes,
Катера,Searay 8,1zoukaWJcDV4JPI3X04UyJXW8-2SR3198,https://drive.google.com/drive/folders/1zoukaWJcDV4JPI3X04UyJXW8-2SR3198,yes,
Катера,Srisuwan 37ft,1gyDJWOFfsXv6xPcdLyokdSAo71x4hwLr,https://drive.google.com/drive/folders/1gyDJWOFfsXv6xPcdLyokdSAo71x4hwLr,yes,
Катера,Voyage 47ft,1qDr9f8xEr6O1nJZqreOuAXZGUN3gHT2B,https://drive.google.com/drive/folders/1qDr9f8xEr6O1nJZqreOuAXZGUN3gHT2B,yes,
Катера,Wave 29 Pro Datto,1Mr-fqcUE8QSRXlF1py9THx-zjbSmsyBw,https://drive.google.com/drive/folders/1Mr-fqcUE8QSRXlF1py9THx-zjbSmsyBw,yes,
Катера,Yamela 15,1-3aAta6zkWW1AQYaOs4YIq3H26q4Mc8T,https://drive.google.com/drive/folders/1-3aAta6zkWW1AQYaOs4YIq3H26q4Mc8T,yes,
Катера,Yamela,0B8woRjxZPP9hWlJ5cjFTYjNPS2c,https://drive.google.com/drive/folders/0B8woRjxZPP9hWlJ5cjFTYjNPS2c,no,Cannot retrieve the folder information from the link. You may need to change the
Моторные катамараны,Aquila 32ft,1Gf5JKXiTC3bqvDkXIwWqqaRzKN4v8Ul6,https://drive.google.com/drive/folders/1Gf5JKXiTC3bqvDkXIwWqqaRzKN4v8Ul6,no,Cannot retrieve the folder information from the link. You may need to change the
Моторные катамараны,Bon Bon 52ft,183x6kaYGFWiBqIWZzEJChTMmnpp_c64T,https://drive.google.com/drive/folders/183x6kaYGFWiBqIWZzEJChTMmnpp_c64T,yes,
Моторные катамараны,Formula 42ft,1nFe9U43FA61JyY7cHFpAUJ2bWDbCsh5T,https://drive.google.com/drive/folders/1nFe9U43FA61JyY7cHFpAUJ2bWDbCsh5T,yes,
Моторные катамараны,Fountain Pajot 40ft,1sgJ-rO7V6nTSkc-P1BLVU3QgOlXqfpjR,https://drive.google.com/drive/folders/1sgJ-rO7V6nTSkc-P1BLVU3QgOlXqfpjR,yes,
Моторные катамараны,GoodTime,11Hz9w4Xjj17qxb6BDSE-NojqpLqCVwsS,https://drive.google.com/drive/folders/11Hz9w4Xjj17qxb6BDSE-NojqpLqCVwsS,yes,
Моторные катамараны,Heysea 40ft,1NhB2FQFpjobn1qjqR8JHV4wD_09KghED,https://drive.google.com/drive/folders/1NhB2FQFpjobn1qjqR8JHV4wD_09KghED,yes,
Моторные катамараны,Hot Chilli,1rp4stQ8rc-CqoWVfPIvnEVnIm6M-fKZp,https://drive.google.com/drive/folders/1rp4stQ8rc-CqoWVfPIvnEVnIm6M-fKZp,yes,
Моторные катамараны,Leopard 40ft,1A_IuUlwfhB-3yaxNFEbD6aU-jYcKcrBC,https://drive.google.com/drive/folders/1A_IuUlwfhB-3yaxNFEbD6aU-jYcKcrBC,yes,
Моторные катамараны,Leopard 43,13Y-c87t3m-Qzewza0tCVe3I_KMyajPQR,https://drive.google.com/drive/folders/13Y-c87t3m-Qzewza0tCVe3I_KMyajPQR,yes,
Моторные катамараны,Leopard 51 La Vie,16CNlcbdQ-0VLMDLg8kl6cd93jV-6Dh07,https://drive.google.com/drive/folders/16CNlcbdQ-0VLMDLg8kl6cd93jV-6Dh07,yes,
Моторные катамараны,Leopard 53ft,1NwPy4RB52UdqmWsTlsHeL2GsWD7wN4vj,https://drive.google.com/drive/folders/1NwPy4RB52UdqmWsTlsHeL2GsWD7wN4vj,yes,
Моторные катамараны,Leopard Aura 51,1kfY0KGyVlMzqPNiGtjqq4jL7kq1qCzhX,https://drive.google.com/drive/folders/1kfY0KGyVlMzqPNiGtjqq4jL7kq1qCzhX,yes,
Моторные катамараны,Lunik Floeth 48ft,lunik48ft,https://drive.google.com/drive/folders/lunik48ft,no,
Моторные катамараны,Luxury Dream Voyager 59ft,19l9_kb9QF7tvyZxqjQhpYVOfr06WUy41,https://drive.google.com/drive/folders/19l9_kb9QF7tvyZxqjQhpYVOfr06WUy41,yes,
Моторные катамараны,My Sky 53ft,1dV-wZB32JESGYoe12yfAFdUwZJwBtugF,https://drive.google.com/drive/folders/1dV-wZB32JESGYoe12yfAFdUwZJwBtugF,yes,
Моторные катамараны,Party Catamaran 110ft,1CxmIYY4VinAjDHbi-reVnU28JbOrJ0Q6,https://drive.google.com/drive/folders/1CxmIYY4VinAjDHbi-reVnU28JbOrJ0Q6,yes,
Моторные катамараны,Prada,1J_3OI1Wh6ZpJBexlXnJdcOvuwi-ADtiA,https://drive.google.com/drive/folders/1J_3OI1Wh6ZpJBexlXnJdcOvuwi-ADtiA,no,Cannot retrieve the folder information from the link. You may need to change the
Моторные катамараны,SeaExplorer,1PjAXYUQ2Y9K7ZB3pX77cs4ZGofLElNNj,https://drive.google.com/drive/folders/1PjAXYUQ2Y9K7ZB3pX77cs4ZGofLElNNj,yes,
Моторные катамараны,Spacecat 118ft,1Cu67yQsgoo9fFblKG_qfAAhUvLsz3zNY,https://drive.google.com/drive/folders/1Cu67yQsgoo9fFblKG_qfAAhUvLsz3zNY,yes,
Моторные катамараны,Tequila 37ft,1CAmQVGOtSMI482UMkr3a8Rl_Be8r2g7q,https://drive.google.com/drive/folders/1CAmQVGOtSMI482UMkr3a8Rl_Be8r2g7q,yes,
Моторные яхты,Anna Maria,0B8woRjxZPP9hWkRqQy0wdFdPTFk,https://drive.google.com/drive/folders/0B8woRjxZPP9hWkRqQy0wdFdPTFk,no,Cannot retrieve the folder information from the link. You may need to change the
Моторные яхты,Arno Leopard 75ft,1F4x8nCX5wbj-5LV0Mo3lMKlrlz2jDflO,https://drive.google.com/drive/folders/1F4x8nCX5wbj-5LV0Mo3lMKlrlz2jDflO,no,Cannot retrieve the folder information from the link. You may need to change the
Моторные яхты,Astondoa 102 GXL,1VVupNFvYewnVflg9DpocaYYlpNwiJrI2,https://drive.google.com/drive/folders/1VVupNFvYewnVflg9DpocaYYlpNwiJrI2,yes,
Моторные яхты,Azimut 46ft,16IA6GY-KNOq3mzOVRG3en8P3V0vvx85H,https://drive.google.com/drive/folders/16IA6GY-KNOq3mzOVRG3en8P3V0vvx85H,yes,
Моторные яхты,Azimut 50,1sU43OUAxVkv4aqVAtfKqHDdpOC5yBuu-,https://drive.google.com/drive/folders/1sU43OUAxVkv4aqVAtfKqHDdpOC5yBuu-,yes,
Моторные яхты,Azimut 55E After,1qRL1N83s5Y_kq-gZ_Ee-XZm9aRioBtSZ,https://drive.google.com/drive/folders/1qRL1N83s5Y_kq-gZ_Ee-XZm9aRioBtSZ,yes,
Моторные яхты,Azimut 60ft,1Fzw4Jmlxdu-DcpJFgguPG71XY7Ozivwi,https://drive.google.com/drive/folders/1Fzw4Jmlxdu-DcpJFgguPG71XY7Ozivwi,yes,
Моторные яхты,Azimut 68ft,1IZIA6aWzes7MxGXWMTtTLC2wjB4CeYVe,https://drive.google.com/drive/folders/1IZIA6aWzes7MxGXWMTtTLC2wjB4CeYVe,yes,
Моторные яхты,Beach Club Yona,1bwkfBFbeNi7yGBoN6X67OXxFxiKF1MfA,https://drive.google.com/drive/folders/1bwkfBFbeNi7yGBoN6X67OXxFxiKF1MfA,yes,
Моторные яхты,Bertram 50,13DAfQkBqjrGc16STGrTI2IXLAtbbHHWk,https://drive.google.com/drive/folders/13DAfQkBqjrGc16STGrTI2IXLAtbbHHWk,yes,
Моторные яхты,Camara C,11vEK2YvHtPwm9bIQe4a1-VbSGwMlADfa,https://drive.google.com/drive/folders/11vEK2YvHtPwm9bIQe4a1-VbSGwMlADfa,yes,
Моторные яхты,Chowa 74,15k3EyME7RJjDPyNPqqA28ihpQB8Jb--4,https://drive.google.com/drive/folders/15k3EyME7RJjDPyNPqqA28ihpQB8Jb--4,yes,
Моторные яхты,Clyde Legacy Princess Sport 58ft,1Uhkd2dS7oIpQOexNdQldKFpYeZttHuPw,https://drive.google.com/drive/folders/1Uhkd2dS7oIpQOexNdQldKFpYeZttHuPw,yes,
Моторные яхты,Cranchi 58ft,1bJeKPnLizRxJazzf1M6-TIaYv7JF-K_u,https://drive.google.com/drive/folders/1bJeKPnLizRxJazzf1M6-TIaYv7JF-K_u,yes,
Моторные яхты,D50 Coupe,1T39rtIs0A1pa1qC_cvzWd1s3WiAT72jh,https://drive.google.com/drive/folders/1T39rtIs0A1pa1qC_cvzWd1s3WiAT72jh,yes,
Моторные яхты,Demarest,1EeiEtX4CZA6B5Znq5_F8xr8XAyKWazZK,https://drive.google.com/drive/folders/1EeiEtX4CZA6B5Znq5_F8xr8XAyKWazZK,yes,
Моторные яхты,Ferretti 80,114DMN3EQgVKKRD_Zju4VzFF_WYAUAeX9,https://drive.google.com/drive/folders/114DMN3EQgVKKRD_Zju4VzFF_WYAUAeX9,yes,
Моторные яхты,Jeaneau 34ft,1N6f_Qg_W2-tOp3C7E9k6KlJzdKzE9s-o,https://drive.google.com/drive/folders/1N6f_Qg_W2-tOp3C7E9k6KlJzdKzE9s-o,yes,
Моторные яхты,Lady M. Sunseeker 54ft,1Btm_RdA7hD7C97xI7rUhG1gVizpxZm0Q,https://drive.google.com/drive/folders/1Btm_RdA7hD7C97xI7rUhG1gVizpxZm0Q,yes,
Моторные яхты,Lamberty 80,1pzmwcB6OY6HuViNHBFeWb7aeE-lQLM0W,https://drive.google.com/drive/folders/1pzmwcB6OY6HuViNHBFeWb7aeE-lQLM0W,no,Cannot retrieve the folder information from the link. You may need to change the
Моторные яхты,Majestic 48ft,13s10VhEN4iXzn6zuf9YaheXTML6DMsBt,https://drive.google.com/drive/folders/13s10VhEN4iXzn6zuf9YaheXTML6DMsBt,yes,
Моторные яхты,Mami Wata,1qesgSkJEFnVPMhxuZBWAhYhwKkJmR0S_,https://drive.google.com/drive/folders/1qesgSkJEFnVPMhxuZBWAhYhwKkJmR0S_,yes,
Моторные яхты,Monte Carlo 86ft,1cY6rv5hK0tgfN5hcYD04_GYqtSX86IsL,https://drive.google.com/drive/folders/1cY6rv5hK0tgfN5hcYD04_GYqtSX86IsL,yes,
Моторные яхты,Moon Glider 90,1p2CqdnT_ykWQVRdJosYcp_V9_utGpx3K,https://drive.google.com/drive/folders/1p2CqdnT_ykWQVRdJosYcp_V9_utGpx3K,yes,
Моторные яхты,Olympia,1-lRseIGxC-AUiiYAMhiy2OjF1zOcIRvQ,https://drive.google.com/drive/folders/1-lRseIGxC-AUiiYAMhiy2OjF1zOcIRvQ,yes,
Моторные яхты,Orange Princess 54,1rUerkO89lovKmyfMb2YP5ui63kyOaHXc,https://drive.google.com/drive/folders/1rUerkO89lovKmyfMb2YP5ui63kyOaHXc,yes,
Моторные яхты,Posillipo-rizzardi Technema 48,12Bwigh6amXYC2JDlqP8QVkdt5zq2vyDa,https://drive.google.com/drive/folders/12Bwigh6amXYC2JDlqP8QVkdt5zq2vyDa,yes,
Моторные яхты,Princess 42 JB 42ft,1TjQ_Q3S4NZKY5AnyVBNqN1u6A949v8KB,https://drive.google.com/drive/folders/1TjQ_Q3S4NZKY5AnyVBNqN1u6A949v8KB,yes,
Моторные яхты,Princess 52ft,1YDlavPyMBcOxY0glGFxfYjTOumcNFOvb,https://drive.google.com/drive/folders/1YDlavPyMBcOxY0glGFxfYjTOumcNFOvb,yes,
Моторные яхты,Princess 65 Oceana,1F7R06A22fcu60Zr8ESQg9Ba3YPJrCPfU,https://drive.google.com/drive/folders/1F7R06A22fcu60Zr8ESQg9Ba3YPJrCPfU,yes,
Моторные яхты,Princess 74,0B8woRjxZPP9hMDZUQ0tZQVEzNzg,https://drive.google.com/drive/folders/0B8woRjxZPP9hMDZUQ0tZQVEzNzg,no,Cannot retrieve the folder information from the link. You may need to change the
Моторные яхты,Princess 78,1L5Xwc1OLKdV1EzUv-u9s3zmivA-iWVdf,https://drive.google.com/drive/folders/1L5Xwc1OLKdV1EzUv-u9s3zmivA-iWVdf,yes,
Моторные яхты,Princess 78ft,1rmlqBWTHpSOyA5AcNTi1yxjqt-tgBtmI,https://drive.google.com/drive/folders/1rmlqBWTHpSOyA5AcNTi1yxjqt-tgBtmI,yes,
Моторные яхты,Princess Ariel,11s4HBXZVj8myKC4Mn3pnZvlq2CLWpCeg,https://drive.google.com/drive/folders/11s4HBXZVj8myKC4Mn3pnZvlq2CLWpCeg,no,
Моторные яхты,Princess F55 60ft,17gLfQoVGj1HyW-JLNDTGl4JiAVOyGPPM,https://drive.google.com/drive/folders/17gLfQoVGj1HyW-JLNDTGl4JiAVOyGPPM,yes,
Моторные яхты,Princess S65,1c_Ls-zSdOU-fI-8DrH26DS-XbED0jbfY,https://drive.google.com/drive/folders/1c_Ls-zSdOU-fI-8DrH26DS-XbED0jbfY,yes,
Моторные яхты,Princess V39,1cJ64A0xwvEGC8dQ9ecBrGYs5fzmC3_gm,https://drive.google.com/drive/folders/1cJ64A0xwvEGC8dQ9ecBrGYs5fzmC3_gm,yes,
Моторные яхты,Riviera 58ft,1CjdsOSfkXKesPWgX2OPtx8FgZpAbumAe,https://drive.google.com/drive/folders/1CjdsOSfkXKesPWgX2OPtx8FgZpAbumAe,yes,
Моторные яхты,Rizzardi,1J75yTwYfNtn7F7wHfBr9dg-IXK28sOiF,https://drive.google.com/drive/folders/1J75yTwYfNtn7F7wHfBr9dg-IXK28sOiF,yes,
Моторные яхты,SJ-Alina-Symbol 57,1ntZ0qQ1KBrM7kQqTTdJUr35khWS0_rPv,https://drive.google.com/drive/folders/1ntZ0qQ1KBrM7kQqTTdJUr35khWS0_rPv,yes,
Моторные яхты,Sambuca 53,1pOxzoTDsMNyePqkFciAqvh8YRlwkQiaW,https://drive.google.com/drive/folders/1pOxzoTDsMNyePqkFciAqvh8YRlwkQiaW,yes,
Моторные яхты,Sealine 51,1rrKfSkuAqEZSAh7OnbH5hs5HjpbBO75-,https://drive.google.com/drive/folders/1rrKfSkuAqEZSAh7OnbH5hs5HjpbBO75-,yes,
Моторные яхты,Searay Sundancer 46ft,11HU-MF03bekAqO7znbxnmfhn9h0BPJs2,https://drive.google.com/drive/folders/11HU-MF03bekAqO7znbxnmfhn9h0BPJs2,yes,
Моторные яхты,Siam Princess 70,1-Rjpb-rk_eEbzwBIiMa98PF8FWyaUwPm,https://drive.google.com/drive/folders/1-Rjpb-rk_eEbzwBIiMa98PF8FWyaUwPm,yes,
Моторные яхты,Silentworld 129ft,1pG_gxBO3ADUL5kSIOYhZiQRYHUk5Edw3,https://drive.google.com/drive/folders/1pG_gxBO3ADUL5kSIOYhZiQRYHUk5Edw3,yes,
Моторные яхты,Song of Songs 139ft,1lbrio480WxsDmey0ROJEhF3sr7bgia_o,https://drive.google.com/drive/folders/1lbrio480WxsDmey0ROJEhF3sr7bgia_o,no,Cannot retrieve the folder information from the link. You may need to change the
Моторные яхты,Sterx 50ft,0B8woRjxZPP9hR0pCWlRhT1U3a1U,https://drive.google.com/drive/folders/0B8woRjxZPP9hR0pCWlRhT1U3a1U,no,Cannot retrieve the folder information from the link. You may need to change the
Моторные яхты,Sunseeker Manhattan 60,1wHqAzi_CEHmin9EOv9ACWc25wCkhy1_1,https://drive.google.com/drive/folders/1wHqAzi_CEHmin9EOv9ACWc25wCkhy1_1,yes,
Моторные яхты,The Origin,1FtdVKKtaKJkXl1PGsnxnz9qIXPphdVuR,https://drive.google.com/drive/folders/1FtdVKKtaKJkXl1PGsnxnz9qIXPphdVuR,yes,
Моторные яхты,Vtech 68ft,1xr5CZwGff-PrfToTw2IH8kxhT03hHxM8,https://drive.google.com/drive/folders/1xr5CZwGff-PrfToTw2IH8kxhT03hHxM8,yes,
Моторные яхты,Xanadu 111,1H-mo82h9OmVVDteJkGAbSZXUvx6dJ08C,https://drive.google.com/drive/folders/1H-mo82h9OmVVDteJkGAbSZXUvx6dJ08C,yes,
Парусные катамараны,Admiral 40ft,1fgUfn4zkRYHYqIA9klSNH77kxzWn0Gi9,https://drive.google.com/drive/folders/1fgUfn4zkRYHYqIA9klSNH77kxzWn0Gi9,yes,
Парусные катамараны,Ameray 1 37ft,1X9RIAvbL7YPSrQVdEus7qPyi3T2qX1fC,https://drive.google.com/drive/folders/1X9RIAvbL7YPSrQVdEus7qPyi3T2qX1fC,yes,
Парусные катамараны,Ameray 888 39ft,1YEYe2MReij5hQpfGb0y30kNfFEHW30Io,https://drive.google.com/drive/folders/1YEYe2MReij5hQpfGb0y30kNfFEHW30Io,yes,
Парусные катамараны,Asrtea 42ft,1GJwYxZPKbxysYjiqFe8f05OgMwOhx3Uk,https://drive.google.com/drive/folders/1GJwYxZPKbxysYjiqFe8f05OgMwOhx3Uk,yes,
Парусные катамараны,Blue Aqua,1WEyuRJ7a6sWxQVfpV3qFCmiB3hwaxGwr,https://drive.google.com/drive/folders/1WEyuRJ7a6sWxQVfpV3qFCmiB3hwaxGwr,yes,
Парусные катамараны,Blue Indigo Catana 47,1-uXfZZcz2rLxV_SpxqK7Vbu6ZIe2MJxE,https://drive.google.com/drive/folders/1-uXfZZcz2rLxV_SpxqK7Vbu6ZIe2MJxE,yes,
Парусные катамараны,Blue Metis Lagoon 500,1ApTSIF-Ij_sATCWLC79simZH_8LxAOox,https://drive.google.com/drive/folders/1ApTSIF-Ij_sATCWLC79simZH_8LxAOox,yes,
Парусные катамараны,BlueKet 75ft,1-GyXr-yfIC6m-2KALo0-ifPHoVKGfNt1,https://drive.google.com/drive/folders/1-GyXr-yfIC6m-2KALo0-ifPHoVKGfNt1,yes,
Парусные катамараны,Clara,1Y7q7ILKNujuOVqsr-jFF_pAiTuDrqxS_,https://drive.google.com/drive/folders/1Y7q7ILKNujuOVqsr-jFF_pAiTuDrqxS_,yes,
Парусные катамараны,Fountaine Pajot 40ft,1dAb5Ykn5Dy6Vc7gyP2CpGbjGW3ynHbQi,https://drive.google.com/drive/folders/1dAb5Ykn5Dy6Vc7gyP2CpGbjGW3ynHbQi,yes,
Парусные катамараны,Great Shark 46ft,1xKzYJz2BOT6KhwouLFqmmQWid_DyHPfA,https://drive.google.com/drive/folders/1xKzYJz2BOT6KhwouLFqmmQWid_DyHPfA,yes,
Парусные катамараны,Hennessy 40ft,1wSLfb0Mw6EFQ7AthR5CFc1L7Dtu0PvnS,https://drive.google.com/drive/folders/1wSLfb0Mw6EFQ7AthR5CFc1L7Dtu0PvnS,yes,
Парусные катамараны,Lagoon 38,1WKZUEDHGvHtqCej6K9I5DcR8nmpIr2lc,https://drive.google.com/drive/folders/1WKZUEDHGvHtqCej6K9I5DcR8nmpIr2lc,yes,
Парусные катамараны,Lagoon 400S2,1Q0Dc7nTbFvlcV_uA6YBGSmg3W92M3rMV,https://drive.google.com/drive/folders/1Q0Dc7nTbFvlcV_uA6YBGSmg3W92M3rMV,yes,
Парусные катамараны,Lagoon 42 Cloud Dancer 42ft,1BEMSCDcqIk5Wb8g_BBbUrJSrE08R_eP8,https://drive.google.com/drive/folders/1BEMSCDcqIk5Wb8g_BBbUrJSrE08R_eP8,no,Cannot retrieve the folder information from the link. You may need to change the
Парусные катамараны,Lagoon 420,1RjPLX2RkcsmFZXWQ4yNvW3rCmigXl_Pl,https://drive.google.com/drive/folders/1RjPLX2RkcsmFZXWQ4yNvW3rCmigXl_Pl,yes,
Парусные катамараны,Lagoon 421 Peach,11yCgVQIRRYh1FMBous1XRTyC8TvtdP6O,https://drive.google.com/drive/folders/11yCgVQIRRYh1FMBous1XRTyC8TvtdP6O,yes,
Парусные катамараны,Lagoon 440 Bluewings,1eUt27SqAdxIlo9978Hph-vNNxk6pq5Hf,https://drive.google.com/drive/folders/1eUt27SqAdxIlo9978Hph-vNNxk6pq5Hf,yes,
Парусные катамараны,Lagoon 440 Lemon,1se15liFyrunOO-xgdDtE114DR8ajYmLK,https://drive.google.com/drive/folders/1se15liFyrunOO-xgdDtE114DR8ajYmLK,yes,
Парусные катамараны,Lagoon 450 fly Oceanland,1XyjXCUnyGkSMLeCNsX4Un4kSXMaul7zK,https://drive.google.com/drive/folders/1XyjXCUnyGkSMLeCNsX4Un4kSXMaul7zK,yes,
Парусные катамараны,Lagoon 450,0B8woRjxZPP9hUnNBZmtrdVNoWWc,https://drive.google.com/drive/folders/0B8woRjxZPP9hUnNBZmtrdVNoWWc,no,Cannot retrieve the folder information from the link. You may need to change the
Парусные катамараны,Lagoon 560,0B8woRjxZPP9hZ1BvSWpZT2ZtYTA,https://drive.google.com/drive/folders/0B8woRjxZPP9hZ1BvSWpZT2ZtYTA,no,Cannot retrieve the folder information from the link. You may need to change the
Парусные катамараны,Leopard 50,17deqCd0A7U7UvzPKLYQgz_ZvjKxc4FCK,https://drive.google.com/drive/folders/17deqCd0A7U7UvzPKLYQgz_ZvjKxc4FCK,yes,
Парусные катамараны,Lipari 41,0B8woRjxZPP9hbVpzTkhqc2tFaG8,https://drive.google.com/drive/folders/0B8woRjxZPP9hbVpzTkhqc2tFaG8,no,Cannot retrieve the folder information from the link. You may need to change the
Парусные катамараны,Lobster,1anjpE1NTY-ISpzPkQyhq3CfEeJmLZ-AO,https://drive.google.com/drive/folders/1anjpE1NTY-ISpzPkQyhq3CfEeJmLZ-AO,yes,
Парусные катамараны,Myra Leopard 47,1MPbNu0s77GO_QCnpbJszuhwpWypuzMXM,https://drive.google.com/drive/folders/1MPbNu0s77GO_QCnpbJszuhwpWypuzMXM,yes,
Парусные катамараны,Namaste 55ft,1J5NRGCuPxMPLzO-Thz6EmMWLjh4-JIdc,https://drive.google.com/drive/folders/1J5NRGCuPxMPLzO-Thz6EmMWLjh4-JIdc,yes,
Парусные катамараны,Penelope Lagoon 400 S2,1V_nQ6ha5swwrBAHA1iEPIWhoG4aypJTX,https://drive.google.com/drive/folders/1V_nQ6ha5swwrBAHA1iEPIWhoG4aypJTX,yes,
Парусные катамараны,Pina Colada 40ft,1cYwnyW1saRCjU45CDhPpxjG3i8dFKZ8y,https://drive.google.com/drive/folders/1cYwnyW1saRCjU45CDhPpxjG3i8dFKZ8y,yes,
Парусные катамараны,Satisfaction 55ft,1XxVp6sHib_3nNQQWu-Wv6CtJyaIMTGUB,https://drive.google.com/drive/folders/1XxVp6sHib_3nNQQWu-Wv6CtJyaIMTGUB,yes,
Парусные катамараны,Senna Nautitech 47,1dhoafTN76LDlEcXhXxG_O2ZR4alXh3Lu,https://drive.google.com/drive/folders/1dhoafTN76LDlEcXhXxG_O2ZR4alXh3Lu,yes,
Парусные катамараны,Shangani,1W14MZCiGFL7u8atdPcle3WRS33cVZGMY,https://drive.google.com/drive/folders/1W14MZCiGFL7u8atdPcle3WRS33cVZGMY,yes,
Парусные катамараны,Summer Leopard 47,1-ucfcMCBkUfPZoa-6chNXXJYlZ9XQf83,https://drive.google.com/drive/folders/1-ucfcMCBkUfPZoa-6chNXXJYlZ9XQf83,yes,
Парусные катамараны,Sunreef Eco E-Motion 60ft,1NYrMlLcbszLgCnlWM6UThyYmzXNVlQ4E,https://drive.google.com/drive/folders/1NYrMlLcbszLgCnlWM6UThyYmzXNVlQ4E,yes,
Парусные катамараны,Super X 55ft,1-4ROtFhEQ0ZgmnS2It28v0j1yNNuP2nv,https://drive.google.com/drive/folders/1-4ROtFhEQ0ZgmnS2It28v0j1yNNuP2nv,yes,
Парусные катамараны,Super Y 38ft,1ExTlMxU1MhUXPqds7wCLnbJWVPnIw37B,https://drive.google.com/drive/folders/1ExTlMxU1MhUXPqds7wCLnbJWVPnIw37B,yes,
Парусные катамараны,The Best 60ft,1XWIv2rTzLyP-sm3KeR1L_NuNEKr3Rxuy,https://drive.google.com/drive/folders/1XWIv2rTzLyP-sm3KeR1L_NuNEKr3Rxuy,yes,
Парусные катамараны,The One Leopard 47ft,1De2QDR0G-vulV_ayrxAi0uZhKS3-W-dr,https://drive.google.com/drive/folders/1De2QDR0G-vulV_ayrxAi0uZhKS3-W-dr,yes,
Парусные катамараны,Zero Stealth,1ZDjk84vYqqGLssksl4OaPhu8VRygZfU1,https://drive.google.com/drive/folders/1ZDjk84vYqqGLssksl4OaPhu8VRygZfU1,yes,
Парусные яхты,Amore,0B8woRjxZPP9hUnlvZVRtcVdRQ3c,https://drive.google.com/drive/folders/0B8woRjxZPP9hUnlvZVRtcVdRQ3c,no,Cannot retrieve the folder information from the link. You may need to change the
Парусные яхты,Bavaria 41ft Isabella,1IVQiVK0zBHOEAcs6G9KbM0315bRHix30,https://drive.google.com/drive/folders/1IVQiVK0zBHOEAcs6G9KbM0315bRHix30,yes,
Парусные яхты,Bavaria 46 Isabella,1IVQiVK0zBHOEAcs6G9KbM0315bRHix30,https://drive.google.com/drive/folders/1IVQiVK0zBHOEAcs6G9KbM0315bRHix30,yes,
Парусные яхты,Born Free 86ft,1hGQBN0qGziWCVONhA8846k8ug9iWtNdw,https://drive.google.com/drive/folders/1hGQBN0qGziWCVONhA8846k8ug9iWtNdw,yes,
Парусные яхты,Hanse 430 Le Figuier,1IIN05EHZJNi85-NNTt9iLOkEUdOs-fsQ,https://drive.google.com/drive/folders/1IIN05EHZJNi85-NNTt9iLOkEUdOs-fsQ,yes,
Парусные яхты,Monica 75ft,1Y2UN0LRT4zwzovUvonuFRs6JZuNPIj7f,https://drive.google.com/drive/folders/1Y2UN0LRT4zwzovUvonuFRs6JZuNPIj7f,yes,
Парусные яхты,Sunsail 41ft,1_XKFo_7FtG1r73qnFcEpi5Oef1YO2Lb3,https://drive.google.com/drive/folders/1_XKFo_7FtG1r73qnFcEpi5Oef1YO2Lb3,yes,
Рыбацкие лодки,Di Fish,1QhUHJF6Qcn_dcZkTS4aepvSK55NoqAYU,https://drive.google.com/drive/folders/1QhUHJF6Qcn_dcZkTS4aepvSK55NoqAYU,yes,
Рыбацкие лодки,Fish Eagle 65ft,1XMnQMdirjOQD3h-ldNNTH9llhkhg532g,https://drive.google.com/drive/folders/1XMnQMdirjOQD3h-ldNNTH9llhkhg532g,yes,
Рыбацкие лодки,Marlin,13hAmGvdwOQBXKWnuk_nbGxEw1rRa6z2D,https://drive.google.com/drive/folders/13hAmGvdwOQBXKWnuk_nbGxEw1rRa6z2D,yes,
Рыбацкие лодки,Prapis,1Z3HO42DkElq62eKIYoLZSA381G22jz7o,https://drive.google.com/drive/folders/1Z3HO42DkElq62eKIYoLZSA381G22jz7o,yes,
Рыбацкие лодки,Shaina 55ft,1896mONKnVEM4MrB7P_60uJqVhuyK-krw,https://drive.google.com/drive/folders/1896mONKnVEM4MrB7P_60uJqVhuyK-krw,yes,
Рыбацкие лодки,Solita,1cJ5BTABdzETL9phQ2NB-QBcKKft-mlsW,https://drive.google.com/drive/folders/1cJ5BTABdzETL9phQ2NB-QBcKKft-mlsW,yes,
